source,group,id,name,perfmon,zabbix_official,zabbix_perf_counter_en,jsonpath,description
os,CPU,os.cpu.util,Загрузка CPU,\Processor Information(_Total)\% Processor Time,"system.cpu.util"",","perf_counter_en[""\Processor Information(_Total)\% Processor Time""]","$.values[""os.cpu.util""]","Доля времени, когда процессоры были заняты. Основной индикатор нагрузки ОС."
os,CPU,os.cpu.privileged,CPU privileged time,\Processor Information(_Total)\% Privileged Time,"perf_counter_en[""\\Processor Information(_Total)\\% Privileged Time""]","perf_counter_en[""\Processor Information(_Total)\% Privileged Time""]","$.values[""os.cpu.privileged""]","Время в режиме ядра: драйверы, DPC, прерывания. Высокое значение при умеренной пользовательской нагрузке — признак проблем ядра/ввода-вывода."
os,CPU,os.cpu.user,CPU user time,\Processor Information(_Total)\% User Time,"perf_counter_en[""\\Processor Information(_Total)\\% User Time""]","perf_counter_en[""\Processor Information(_Total)\% User Time""]","$.values[""os.cpu.user""]","Время в пользовательском режиме — обычно SQL Server, приложения."
os,CPU,os.cpu.interrupt,CPU interrupt time,\Processor Information(_Total)\% Interrupt Time,"perf_counter_en[""\\Processor Information(_Total)\\% Interrupt Time""]","perf_counter_en[""\Processor Information(_Total)\% Interrupt Time""]","$.values[""os.cpu.interrupt""]",Время на аппаратные прерывания. Выше ~20% часто указывает на сетевой или дисковый адаптер.
os,CPU,os.cpu.dpc,CPU DPC time,\Processor Information(_Total)\% DPC Time,"perf_counter_en[""\\Processor Information(_Total)\\% DPC Time""]","perf_counter_en[""\Processor Information(_Total)\% DPC Time""]","$.values[""os.cpu.dpc""]",Отложенные вызовы процедур. Рост вместе с interrupt time — сеть или диск.
os,CPU,os.cpu.queue,Processor Queue Length,\System\Processor Queue Length,"perf_counter_en[""\\System\\Processor Queue Length""]","perf_counter_en[""\System\Processor Queue Length""]","$.values[""os.cpu.queue""]",Потоки в очереди готовых к выполнению. Ориентир: не больше числа ядер × 2.
os,Система,os.system.context_switches,Context Switches/sec,\System\Context Switches/sec,"perf_counter_en[""\\System\\Context Switches/sec""]","perf_counter_en[""\System\Context Switches/sec""]","$.values[""os.system.context_switches""]",Переключения контекста. Резкий рост при высокой нагрузке — конкуренция потоков.
os,Система,os.system.threads,Threads,\System\Threads,"perf_counter_en[""\\System\\Threads""]","perf_counter_en[""\System\Threads""]","$.values[""os.system.threads""]",Число потоков всех процессов.
os,Память,os.memory.available_mbytes,Available MBytes,\Memory\Available MBytes,"vm.memory.size[available]"",","perf_counter_en[""\Memory\Available MBytes""]","$.values[""os.memory.available_mbytes""]","Свободная физическая память. Для SQL Server оставляйте запас, иначе начнётся paging."
os,Память,os.memory.committed_pct,% Committed Bytes In Use,\Memory\% Committed Bytes In Use,"vm.memory.util"",","perf_counter_en[""\Memory\% Committed Bytes In Use""]","$.values[""os.memory.committed_pct""]",Доля commit charge от лимита. Рост к 100% — риск нехватки commit limit.
os,Память,os.memory.pages_sec,Pages/sec,\Memory\Pages/sec,"perf_counter_en[""\\Memory\\Pages/sec""]","perf_counter_en[""\Memory\Pages/sec""]","$.values[""os.memory.pages_sec""]",Жёсткие page fault: чтение/запись страниц на диск. Высокое значение — нехватка RAM.
os,Память,os.memory.page_faults_sec,Page Faults/sec,\Memory\Page Faults/sec,"perf_counter_en[""\\Memory\\Page Faults/sec""]","perf_counter_en[""\Memory\Page Faults/sec""]","$.values[""os.memory.page_faults_sec""]","Все page fault, включая soft. Сами по себе не страшны; смотрите Pages/sec."
os,Память,os.memory.pool_nonpaged,Pool Nonpaged Bytes,\Memory\Pool Nonpaged Bytes,"perf_counter_en[""\\Memory\\Pool Nonpaged Bytes""]","perf_counter_en[""\Memory\Pool Nonpaged Bytes""]","$.values[""os.memory.pool_nonpaged""]",Невыгружаемый пул ядра. Постоянный рост — возможная утечка драйвера.
os,Память,os.memory.free_pte,Free System Page Table Entries,\Memory\Free System Page Table Entries,"perf_counter_en[""\\Memory\\Free System Page Table Entries""]","perf_counter_en[""\Memory\Free System Page Table Entries""]","$.values[""os.memory.free_pte""]",Свободные PTE. Ниже 5000 — классический признак утечки/исчерпания.
os,Память,os.paging.usage,Paging File % Usage,\Paging File(_Total)\% Usage,"perf_counter_en[""\\Paging File(_Total)\\% Usage""]","perf_counter_en[""\Paging File(_Total)\% Usage""]","$.values[""os.paging.usage""]",Заполнение pagefile. Высокое значение вместе с Pages/sec — нехватка RAM.
os,Диск,os.disk.reads_sec,Disk Reads/sec (_Total),\PhysicalDisk(_Total)\Disk Reads/sec,"perf_counter_en[""\\PhysicalDisk({#DEVNAME})\\Disk Reads/sec"",60]","perf_counter_en[""\PhysicalDisk(_Total)\Disk Reads/sec"",60]","$.values[""os.disk.reads_sec""]",Чтения с физических дисков. Для SQL смотрите вместе с Page reads/sec.
os,Диск,os.disk.writes_sec,Disk Writes/sec (_Total),\PhysicalDisk(_Total)\Disk Writes/sec,"perf_counter_en[""\\PhysicalDisk({#DEVNAME})\\Disk Writes/sec"",60]","perf_counter_en[""\PhysicalDisk(_Total)\Disk Writes/sec"",60]","$.values[""os.disk.writes_sec""]",Записи на физические диски.
os,Диск,os.disk.queue,Current Disk Queue Length,\PhysicalDisk(_Total)\Current Disk Queue Length,"perf_counter_en[""\\PhysicalDisk({#DEVNAME})\\Current Disk Queue Length"",60]","perf_counter_en[""\PhysicalDisk(_Total)\Current Disk Queue Length"",60]","$.values[""os.disk.queue""]",Текущая очередь диска. Длительная очередь > числа шпинделей/очереди SSD — насыщение.
os,Диск,os.disk.idle,% Idle Time,\PhysicalDisk(_Total)\% Idle Time,"perf_counter_en[""\\PhysicalDisk({#DEVNAME})\\% Idle Time"",60]","perf_counter_en[""\PhysicalDisk(_Total)\% Idle Time"",60]","$.values[""os.disk.idle""]",Доля времени простоя диска. Утилизация ≈ 100 − Idle. Низкий idle — диск занят.
os,Диск,os.disk.avg_read_sec,Avg. Disk sec/Read,\PhysicalDisk(_Total)\Avg. Disk sec/Read,"perf_counter_en[""\\PhysicalDisk({#DEVNAME})\\Avg. Disk sec/Read"",60]","perf_counter_en[""\PhysicalDisk(_Total)\Avg. Disk sec/Read"",60]","$.values[""os.disk.avg_read_sec""]","Средняя задержка чтения. Для SSD обычно < 5–10 мс, для SQL log — ещё ниже."
os,Диск,os.disk.avg_write_sec,Avg. Disk sec/Write,\PhysicalDisk(_Total)\Avg. Disk sec/Write,"perf_counter_en[""\\PhysicalDisk({#DEVNAME})\\Avg. Disk sec/Write"",60]","perf_counter_en[""\PhysicalDisk(_Total)\Avg. Disk sec/Write"",60]","$.values[""os.disk.avg_write_sec""]",Средняя задержка записи. Критично для transaction log SQL Server.
mssql,Buffer Manager,mssql.buffer_cache_hit_ratio,Buffer cache hit ratio,\SQLServer:Buffer Manager\Buffer cache hit ratio,"mssql.buffer_cache_hit_ratio"",","perf_counter_en[""\SQLServer:Buffer Manager\Buffer cache hit ratio""]","$.values[""mssql.buffer_cache_hit_ratio""]","Доля страниц, найденных в buffer pool без чтения с диска. На здоровом OLTP обычно > 98–99%."
mssql,Buffer Manager,mssql.page_life_expectancy,Page life expectancy,\SQLServer:Buffer Manager\Page life expectancy,"mssql.page_life_expectancy"",","perf_counter_en[""\SQLServer:Buffer Manager\Page life expectancy""]","$.values[""mssql.page_life_expectancy""]","Сколько секунд страница живёт в buffer pool. Смотрите резкие провалы относительно своего baseline, а не фиксированные 300 с."
mssql,Buffer Manager,mssql.lazy_writes_sec,Lazy writes/sec,\SQLServer:Buffer Manager\Lazy writes/sec,"mssql.lazy_writes_sec.rate"",","perf_counter_en[""\SQLServer:Buffer Manager\Lazy writes/sec""]","$.values[""mssql.lazy_writes_sec""]","Lazy writer сбрасывает грязные страницы, чтобы освободить буферы. В норме около нуля; устойчиво > 20 — давление памяти."
mssql,Buffer Manager,mssql.checkpoint_pages_sec,Checkpoint pages/sec,\SQLServer:Buffer Manager\Checkpoint pages/sec,"mssql.checkpoint_pages_sec.rate"",","perf_counter_en[""\SQLServer:Buffer Manager\Checkpoint pages/sec""]","$.values[""mssql.checkpoint_pages_sec""]","Страницы, сбрасываемые checkpoint. Всплески нормальны; постоянный высокий фон — много грязных страниц."
mssql,Buffer Manager,mssql.page_reads_sec,Page reads/sec,\SQLServer:Buffer Manager\Page reads/sec,"mssql.page_reads_sec.rate"",","perf_counter_en[""\SQLServer:Buffer Manager\Page reads/sec""]","$.values[""mssql.page_reads_sec""]",Физические чтения страниц БД. Высокое значение при низком hit ratio — нехватка памяти или плохие планы.
mssql,Buffer Manager,mssql.page_writes_sec,Page writes/sec,\SQLServer:Buffer Manager\Page writes/sec,"mssql.page_writes_sec.rate"",","perf_counter_en[""\SQLServer:Buffer Manager\Page writes/sec""]","$.values[""mssql.page_writes_sec""]",Физические записи страниц БД.
mssql,Buffer Manager,mssql.free_list_stalls_sec,Free list stalls/sec,\SQLServer:Buffer Manager\Free list stalls/sec,"mssql.free_list_stalls_sec.rate"",","perf_counter_en[""\SQLServer:Buffer Manager\Free list stalls/sec""]","$.values[""mssql.free_list_stalls_sec""]","Запросы, которые ждали свободную страницу в buffer pool. Любое устойчивое значение > 0 — нехватка буферов."
mssql,SQL Statistics,mssql.batch_requests_sec,Batch Requests/sec,\SQLServer:SQL Statistics\Batch Requests/sec,"mssql.batch_requests_sec.rate"",","perf_counter_en[""\SQLServer:SQL Statistics\Batch Requests/sec""]","$.values[""mssql.batch_requests_sec""]",Пакетов T-SQL в секунду. Главный индикатор полезной работы инстанса. Используйте как знаменатель для компиляций и сканов.
mssql,SQL Statistics,mssql.sql_compilations_sec,SQL Compilations/sec,\SQLServer:SQL Statistics\SQL Compilations/sec,"mssql.sql_compilations_sec.rate"",","perf_counter_en[""\SQLServer:SQL Statistics\SQL Compilations/sec""]","$.values[""mssql.sql_compilations_sec""]",Компиляции планов. Высокая доля к Batch Requests — слишком много ad hoc.
mssql,SQL Statistics,mssql.sql_recompilations_sec,SQL Re-Compilations/sec,\SQLServer:SQL Statistics\SQL Re-Compilations/sec,"mssql.sql_recompilations_sec.rate"",","perf_counter_en[""\SQLServer:SQL Statistics\SQL Re-Compilations/sec""]","$.values[""mssql.sql_recompilations_sec""]",Перекомпиляции. Должны быть близки к нулю относительно compilations.
mssql,General Statistics,mssql.user_connections,User Connections,\SQLServer:General Statistics\User Connections,"mssql.user_connections"",","perf_counter_en[""\SQLServer:General Statistics\User Connections""]","$.values[""mssql.user_connections""]",Текущие пользовательские соединения. Рост без пула — риск исчерпания worker'ов.
mssql,General Statistics,mssql.processes_blocked,Processes blocked,\SQLServer:General Statistics\Processes blocked,"mssql.processes_blocked"",","perf_counter_en[""\SQLServer:General Statistics\Processes blocked""]","$.values[""mssql.processes_blocked""]",Сейчас заблокированные процессы. Ноль — блокировок нет; любое устойчивое значение — разбирать wait/blocking.
mssql,General Statistics,mssql.logins_sec,Logins/sec,\SQLServer:General Statistics\Logins/sec,"mssql.logins_sec.rate"",","perf_counter_en[""\SQLServer:General Statistics\Logins/sec""]","$.values[""mssql.logins_sec""]",Новые логины в секунду (без pooled reuse). Высокое значение — слабый connection pooling.
mssql,Memory Manager,mssql.total_server_memory_kb,Total Server Memory,\SQLServer:Memory Manager\Total Server Memory (KB),"mssql.total_server_memory"",","perf_counter_en[""\SQLServer:Memory Manager\Total Server Memory (KB)""]","$.values[""mssql.total_server_memory_kb""]","Память, которую SQL Server уже взял. Сравнивайте с Target: если Total << Target, инстанс ещё разгоняется или память отбирают."
mssql,Memory Manager,mssql.target_server_memory_kb,Target Server Memory,\SQLServer:Memory Manager\Target Server Memory (KB),"mssql.target_server_memory"",","perf_counter_en[""\SQLServer:Memory Manager\Target Server Memory (KB)""]","$.values[""mssql.target_server_memory_kb""]",Сколько памяти SQL Server хочет потребить.
mssql,Memory Manager,mssql.memory_grants_pending,Memory Grants Pending,\SQLServer:Memory Manager\Memory Grants Pending,"mssql.memory_grants_pending"",","perf_counter_en[""\SQLServer:Memory Manager\Memory Grants Pending""]","$.values[""mssql.memory_grants_pending""]","Запросы, ждущие workspace memory (hash/sort). Любое значение > 0 — нехватка памяти запросов."
mssql,Locks,mssql.lock_waits_sec,Lock Waits/sec,\SQLServer:Locks(_Total)\Lock Waits/sec,"mssql.lock_waits_sec.rate"",","perf_counter_en[""\SQLServer:Locks(_Total)\Lock Waits/sec""]","$.values[""mssql.lock_waits_sec""]","Запросы блокировок, которые ждали. Ноль — блокировок нет."
mssql,Locks,mssql.deadlocks_sec,Number of Deadlocks/sec,\SQLServer:Locks(_Total)\Number of Deadlocks/sec,"mssql.number_deadlocks_sec.rate"",","perf_counter_en[""\SQLServer:Locks(_Total)\Number of Deadlocks/sec""]","$.values[""mssql.deadlocks_sec""]",Взаимоблокировки. Должны быть нулём.
mssql,Access Methods,mssql.full_scans_sec,Full Scans/sec,\SQLServer:Access Methods\Full Scans/sec,"mssql.full_scans_sec.rate"",","perf_counter_en[""\SQLServer:Access Methods\Full Scans/sec""]","$.values[""mssql.full_scans_sec""]",Полные сканы таблиц/индексов. Для OLTP сравнивайте с Index Searches/sec (ориентир 1 скан на 1000 поисков).
mssql,Access Methods,mssql.index_searches_sec,Index Searches/sec,\SQLServer:Access Methods\Index Searches/sec,"mssql.index_searches_sec.rate"",","perf_counter_en[""\SQLServer:Access Methods\Index Searches/sec""]","$.values[""mssql.index_searches_sec""]",Поиски по индексу. Предпочтительнее full scan.
mssql,Access Methods,mssql.page_splits_sec,Page Splits/sec,\SQLServer:Access Methods\Page Splits/sec,"mssql.page_splits_sec.rate"",","perf_counter_en[""\SQLServer:Access Methods\Page Splits/sec""]","$.values[""mssql.page_splits_sec""]","Разбиения страниц индекса при вставках. Высокое значение — фрагментация, fillfactor."
mssql,Latches,mssql.latch_waits_sec,Latch Waits/sec,\SQLServer:Latches\Latch Waits/sec,"mssql.latch_waits_sec.rate"",","perf_counter_en[""\SQLServer:Latches\Latch Waits/sec""]","$.values[""mssql.latch_waits_sec""]",Ожидания latch (лёгкие блокировки памяти). Рост вместе с I/O — давление на buffer pool.
